model,data,pred_len,seq_len,n_features,bit_width,num_params,param_bytes,activation_arena_bytes,peak_ram_bytes,flash_bytes,flops,latency_ms,energy_mj,deploy_16k,deploy_32k,deploy_64k
DiPE_Linear,ETTh1,96,96,7,8,339,339,2688,6080,6483,5376,0.16128,0.04790016,1,1,1
DiPE_Linear,ETTh1,192,96,7,8,437,437,3360,7424,6581,6720,0.2016,0.05987519999999999,1,1,1
DiPE_Linear,ETTh1,336,96,7,8,585,585,4368,9440,6729,8736,0.26208,0.07783775999999999,1,1,1
DiPE_Linear,ETTh1,720,96,7,8,977,977,7056,14816,7121,14112,0.42336,0.12573791999999998,1,1,1
DiPE_Linear,ETTh2,96,96,7,8,339,339,2688,6080,6483,5376,0.16128,0.04790016,1,1,1
DiPE_Linear,ETTh2,192,96,7,8,437,437,3360,7424,6581,6720,0.2016,0.05987519999999999,1,1,1
DiPE_Linear,ETTh2,336,96,7,8,585,585,4368,9440,6729,8736,0.26208,0.07783775999999999,1,1,1
DiPE_Linear,ETTh2,720,96,7,8,977,977,7056,14816,7121,14112,0.42336,0.12573791999999998,1,1,1
DiPE_Linear,ETTm1,96,96,7,8,339,339,2688,6080,6483,5376,0.16128,0.04790016,1,1,1
DiPE_Linear,ETTm1,192,96,7,8,437,437,3360,7424,6581,6720,0.2016,0.05987519999999999,1,1,1
DiPE_Linear,ETTm1,336,96,7,8,585,585,4368,9440,6729,8736,0.26208,0.07783775999999999,1,1,1
DiPE_Linear,ETTm1,720,96,7,8,977,977,7056,14816,7121,14112,0.42336,0.12573791999999998,1,1,1
DiPE_Linear,ETTm2,96,96,7,8,339,339,2688,6080,6483,5376,0.16128,0.04790016,1,1,1
DiPE_Linear,ETTm2,192,96,7,8,437,437,3360,7424,6581,6720,0.2016,0.05987519999999999,1,1,1
DiPE_Linear,ETTm2,336,96,7,8,585,585,4368,9440,6729,8736,0.26208,0.07783775999999999,1,1,1
DiPE_Linear,ETTm2,720,96,7,8,977,977,7056,14816,7121,14112,0.42336,0.12573791999999998,1,1,1
DiPE_Linear,Weather,96,96,21,8,339,339,8064,14144,6483,16128,0.48384,0.14370047999999996,1,1,1
DiPE_Linear,Weather,192,96,21,8,437,437,10080,18176,6581,20160,0.6048,0.17962559999999997,0,1,1
DiPE_Linear,Weather,336,96,21,8,585,585,13104,24224,6729,26208,0.78624,0.23351328,0,1,1
DiPE_Linear,Weather,720,96,21,8,977,977,21168,40352,7121,42336,1.27008,0.37721376,0,0,1
DiPE_Linear,Exchange,96,96,8,8,339,339,3072,6656,6483,6144,0.18431999999999998,0.05474304,1,1,1
DiPE_Linear,Exchange,192,96,8,8,437,437,3840,8192,6581,7680,0.2304,0.06842879999999998,1,1,1
DiPE_Linear,Exchange,336,96,8,8,585,585,4992,10496,6729,9984,0.29952,0.08895744,1,1,1
DiPE_Linear,Exchange,720,96,8,8,977,977,8064,16640,7121,16128,0.48384,0.14370047999999996,0,1,1
DiPE_Linear,Electricity,96,96,321,8,339,339,123264,186944,6483,246528,7.39584,2.19656448,0,0,0
DiPE_Linear,Electricity,192,96,321,8,437,437,154080,248576,6581,308160,9.2448,2.7457055999999995,0,0,0
DiPE_Linear,Electricity,336,96,321,8,585,585,200304,341024,6729,400608,12.018239999999999,3.5694172799999997,0,0,0
DiPE_Linear,Electricity,720,96,321,8,977,977,323568,587552,7121,647136,19.41408,5.76598176,0,0,0
DiPE_Linear,Traffic,96,96,862,8,339,339,331008,498560,6483,662016,19.86048,5.89856256,0,0,0
DiPE_Linear,Traffic,192,96,862,8,437,437,413760,664064,6581,827520,24.8256,7.373203199999999,0,0,0
DiPE_Linear,Traffic,336,96,862,8,585,585,537888,912320,6729,1075776,32.27328,9.58516416,0,0,0
DiPE_Linear,Traffic,720,96,862,8,977,977,868896,1574336,7121,1737792,52.13376,15.48372672,0,0,0
SparseTSF,ETTh1,96,96,7,8,41,41,1344,4736,6185,10176,0.30528,0.09066816,1,1,1
SparseTSF,ETTh1,192,96,7,8,57,57,2016,6080,6201,15552,0.46656,0.13856832,1,1,1
SparseTSF,ETTh1,336,96,7,8,81,81,3024,8096,6225,23616,0.70848,0.21041856,1,1,1
SparseTSF,ETTh1,720,96,7,8,145,145,5712,13472,6289,45120,1.3536,0.40201919999999997,1,1,1
SparseTSF,ETTh2,96,96,7,8,41,41,1344,4736,6185,10176,0.30528,0.09066816,1,1,1
SparseTSF,ETTh2,192,96,7,8,57,57,2016,6080,6201,15552,0.46656,0.13856832,1,1,1
SparseTSF,ETTh2,336,96,7,8,81,81,3024,8096,6225,23616,0.70848,0.21041856,1,1,1
SparseTSF,ETTh2,720,96,7,8,145,145,5712,13472,6289,45120,1.3536,0.40201919999999997,1,1,1
SparseTSF,ETTm1,96,96,7,8,41,41,1344,4736,6185,10176,0.30528,0.09066816,1,1,1
SparseTSF,ETTm1,192,96,7,8,57,57,2016,6080,6201,15552,0.46656,0.13856832,1,1,1
SparseTSF,ETTm1,336,96,7,8,81,81,3024,8096,6225,23616,0.70848,0.21041856,1,1,1
SparseTSF,ETTm1,720,96,7,8,145,145,5712,13472,6289,45120,1.3536,0.40201919999999997,1,1,1
SparseTSF,ETTm2,96,96,7,8,41,41,1344,4736,6185,10176,0.30528,0.09066816,1,1,1
SparseTSF,ETTm2,192,96,7,8,57,57,2016,6080,6201,15552,0.46656,0.13856832,1,1,1
SparseTSF,ETTm2,336,96,7,8,81,81,3024,8096,6225,23616,0.70848,0.21041856,1,1,1
SparseTSF,ETTm2,720,96,7,8,145,145,5712,13472,6289,45120,1.3536,0.40201919999999997,1,1,1
SparseTSF,Weather,96,96,21,8,41,41,4032,10112,6185,20928,0.62784,0.18646847999999996,1,1,1
SparseTSF,Weather,192,96,21,8,57,57,6048,14144,6201,37056,1.11168,0.33016896,1,1,1
SparseTSF,Weather,336,96,21,8,81,81,9072,20192,6225,61248,1.8374400000000002,0.5457196799999999,0,1,1
SparseTSF,Weather,720,96,21,8,145,145,17136,36320,6289,125760,3.7728,1.1205216,0,0,1
SparseTSF,Exchange,96,96,8,8,41,41,1536,5120,6185,10944,0.32832,0.09751104,1,1,1
SparseTSF,Exchange,192,96,8,8,57,57,2304,6656,6201,17088,0.51264,0.15225407999999999,1,1,1
SparseTSF,Exchange,336,96,8,8,81,81,3456,8960,6225,26304,0.78912,0.23436864000000002,1,1,1
SparseTSF,Exchange,720,96,8,8,145,145,6528,15104,6289,50880,1.5264,0.4533408,1,1,1
SparseTSF,Electricity,96,96,321,8,41,41,61632,125312,6185,251328,7.53984,2.23933248,0,0,0
SparseTSF,Electricity,192,96,321,8,57,57,92448,186944,6201,497856,14.93568,4.43589696,0,0,0
SparseTSF,Electricity,336,96,321,8,81,81,138672,279392,6225,867648,26.02944,7.73074368,0,0,0
SparseTSF,Electricity,720,96,321,8,145,145,261936,525920,6289,1853760,55.6128,16.517001599999997,0,0,0
SparseTSF,Traffic,96,96,862,8,41,41,165504,333056,6185,666816,20.00448,5.94133056,0,0,0
SparseTSF,Traffic,192,96,862,8,57,57,248256,498560,6201,1328832,39.864959999999996,11.83989312,0,0,0
SparseTSF,Traffic,336,96,862,8,81,81,372384,746816,6225,2321856,69.65568,20.68773696,0,0,0
SparseTSF,Traffic,720,96,862,8,145,145,703392,1408832,6289,4969920,149.0976,44.281987199999996,0,0,0
FEATHer,ETTh1,96,96,7,8,453,453,2880,6272,6597,134446,4.033379999999999,1.1979138599999999,1,1,1
FEATHer,ETTh1,192,96,7,8,517,517,2880,6944,6661,145198,4.35594,1.29371418,1,1,1
FEATHer,ETTh1,336,96,7,8,613,613,3174,8246,6757,161326,4.83978,1.43741466,1,1,1
FEATHer,ETTh1,720,96,7,8,869,869,5862,13622,7013,204334,6.13002,1.82061594,1,1,1
FEATHer,ETTh2,96,96,7,8,453,453,2880,6272,6597,134446,4.033379999999999,1.1979138599999999,1,1,1
FEATHer,ETTh2,192,96,7,8,517,517,2880,6944,6661,145198,4.35594,1.29371418,1,1,1
FEATHer,ETTh2,336,96,7,8,613,613,3174,8246,6757,161326,4.83978,1.43741466,1,1,1
FEATHer,ETTh2,720,96,7,8,869,869,5862,13622,7013,204334,6.13002,1.82061594,1,1,1
FEATHer,ETTm1,96,96,7,8,453,453,2880,6272,6597,134446,4.033379999999999,1.1979138599999999,1,1,1
FEATHer,ETTm1,192,96,7,8,517,517,2880,6944,6661,145198,4.35594,1.29371418,1,1,1
FEATHer,ETTm1,336,96,7,8,613,613,3174,8246,6757,161326,4.83978,1.43741466,1,1,1
FEATHer,ETTm1,720,96,7,8,869,869,5862,13622,7013,204334,6.13002,1.82061594,1,1,1
FEATHer,ETTm2,96,96,7,8,453,453,2880,6272,6597,134446,4.033379999999999,1.1979138599999999,1,1,1
FEATHer,ETTm2,192,96,7,8,517,517,2880,6944,6661,145198,4.35594,1.29371418,1,1,1
FEATHer,ETTm2,336,96,7,8,613,613,3174,8246,6757,161326,4.83978,1.43741466,1,1,1
FEATHer,ETTm2,720,96,7,8,869,869,5862,13622,7013,204334,6.13002,1.82061594,1,1,1
FEATHer,Weather,96,96,21,8,1377,1377,6816,12896,7521,456558,13.69674,4.067931779999999,1,1,1
FEATHer,Weather,192,96,21,8,1441,1441,6816,14912,7585,488814,14.66442,4.35533274,1,1,1
FEATHer,Weather,336,96,21,8,1537,1537,9222,20342,7681,537198,16.11594,4.78643418,0,1,1
FEATHer,Weather,720,96,21,8,1793,1793,17286,36470,7937,666222,19.98666,5.936038019999999,0,0,1
FEATHer,Exchange,96,96,8,8,506,506,3072,6656,6650,154958,4.64874,1.38067578,1,1,1
FEATHer,Exchange,192,96,8,8,570,570,3072,7424,6714,167246,5.01738,1.49016186,1,1,1
FEATHer,Exchange,336,96,8,8,666,666,3606,9110,6810,185678,5.57034,1.6543909799999998,1,1,1
FEATHer,Exchange,720,96,8,8,922,922,6678,15254,7066,234830,7.0449,2.0923353,1,1,1
FEATHer,Electricity,96,96,321,8,115377,115377,93216,156896,121521,25445358,763.36074,226.71813978,0,0,0
FEATHer,Electricity,192,96,321,8,115441,115441,93216,187712,121585,25938414,778.15242,231.11126873999999,0,0,0
FEATHer,Electricity,336,96,321,8,115537,115537,138822,279542,121681,26677998,800.33994,237.70096217999998,0,0,0
FEATHer,Electricity,720,96,321,8,115793,115793,262086,526070,121937,28650222,859.50666,255.27347802,0,0,0
FEATHer,Traffic,96,96,862,8,775938,775938,249024,416576,782082,157864846,4735.94538,1406.57577786,0,0,0
FEATHer,Traffic,192,96,862,8,776002,776002,249024,499328,782146,159188878,4775.66634,1418.37290298,0,0,0
FEATHer,Traffic,336,96,862,8,776098,776098,372534,746966,782242,161174926,4835.247780000001,1436.0685906600002,0,0,0
FEATHer,Traffic,720,96,862,8,776354,776354,703542,1408982,782498,166471054,4994.13162,1483.25709114,0,0,0
FITS,ETTh1,96,96,7,8,1200,1200,336,3728,7344,16128,0.48384,0.14370047999999996,1,1,1
FITS,ETTh1,192,96,7,8,1800,1800,504,4568,7944,24192,0.72576,0.21555071999999997,1,1,1
FITS,ETTh1,336,96,7,8,2700,2700,756,5828,8844,36288,1.08864,0.32332608,1,1,1
FITS,ETTh1,720,96,7,8,5100,5100,1428,9188,11244,68544,2.05632,0.61072704,1,1,1
FITS,ETTh2,96,96,7,8,1200,1200,336,3728,7344,16128,0.48384,0.14370047999999996,1,1,1
FITS,ETTh2,192,96,7,8,1800,1800,504,4568,7944,24192,0.72576,0.21555071999999997,1,1,1
FITS,ETTh2,336,96,7,8,2700,2700,756,5828,8844,36288,1.08864,0.32332608,1,1,1
FITS,ETTh2,720,96,7,8,5100,5100,1428,9188,11244,68544,2.05632,0.61072704,1,1,1
FITS,ETTm1,96,96,7,8,1200,1200,336,3728,7344,16128,0.48384,0.14370047999999996,1,1,1
FITS,ETTm1,192,96,7,8,1800,1800,504,4568,7944,24192,0.72576,0.21555071999999997,1,1,1
FITS,ETTm1,336,96,7,8,2700,2700,756,5828,8844,36288,1.08864,0.32332608,1,1,1
FITS,ETTm1,720,96,7,8,5100,5100,1428,9188,11244,68544,2.05632,0.61072704,1,1,1
FITS,ETTm2,96,96,7,8,1200,1200,336,3728,7344,16128,0.48384,0.14370047999999996,1,1,1
FITS,ETTm2,192,96,7,8,1800,1800,504,4568,7944,24192,0.72576,0.21555071999999997,1,1,1
FITS,ETTm2,336,96,7,8,2700,2700,756,5828,8844,36288,1.08864,0.32332608,1,1,1
FITS,ETTm2,720,96,7,8,5100,5100,1428,9188,11244,68544,2.05632,0.61072704,1,1,1
FITS,Weather,96,96,21,8,1200,1200,1008,7088,7344,48384,1.45152,0.43110143999999995,1,1,1
FITS,Weather,192,96,21,8,1800,1800,1512,9608,7944,72576,2.17728,0.64665216,1,1,1
FITS,Weather,336,96,21,8,2700,2700,2268,13388,8844,108864,3.26592,0.96997824,1,1,1
FITS,Weather,720,96,21,8,5100,5100,4284,23468,11244,205632,6.16896,1.83218112,0,1,1
FITS,Exchange,96,96,8,8,1200,1200,384,3968,7344,18432,0.55296,0.16422912,1,1,1
FITS,Exchange,192,96,8,8,1800,1800,576,4928,7944,27648,0.82944,0.24634367999999998,1,1,1
FITS,Exchange,336,96,8,8,2700,2700,864,6368,8844,41472,1.24416,0.36951552,1,1,1
FITS,Exchange,720,96,8,8,5100,5100,1632,10208,11244,78336,2.35008,0.69797376,1,1,1
FITS,Electricity,96,96,321,8,1200,1200,15408,79088,7344,739584,22.18752,6.58969344,0,0,0
FITS,Electricity,192,96,321,8,1800,1800,23112,117608,7944,1109376,33.28128,9.88454016,0,0,0
FITS,Electricity,336,96,321,8,2700,2700,34668,175388,8844,1664064,49.92192,14.82681024,0,0,0
FITS,Electricity,720,96,321,8,5100,5100,65484,329468,11244,3143232,94.29696,28.00619712,0,0,0
FITS,Traffic,96,96,862,8,1200,1200,41376,208928,7344,1986048,59.58144,17.69568768,0,0,0
FITS,Traffic,192,96,862,8,1800,1800,62064,312368,7944,2979072,89.37216000000001,26.54353152,0,0,0
FITS,Traffic,336,96,862,8,2700,2700,93096,467528,8844,4468608,134.05823999999998,39.815297279999996,0,0,0
FITS,Traffic,720,96,862,8,5100,5100,175848,881288,11244,8440704,253.22112,75.20667264,0,0,0
DLinear,ETTh1,96,96,7,8,18624,18624,2016,5408,24768,258048,7.74144,2.2992076799999994,1,1,1
DLinear,ETTh1,192,96,7,8,37248,37248,3360,7424,43392,516096,15.48288,4.598415359999999,1,1,1
DLinear,ETTh1,336,96,7,8,65184,65184,5376,10448,71328,903168,27.09504,8.047226879999998,1,1,1
DLinear,ETTh1,720,96,7,8,139680,139680,10752,18512,145824,1935360,58.0608,17.2440576,0,1,1
DLinear,ETTh2,96,96,7,8,18624,18624,2016,5408,24768,258048,7.74144,2.2992076799999994,1,1,1
DLinear,ETTh2,192,96,7,8,37248,37248,3360,7424,43392,516096,15.48288,4.598415359999999,1,1,1
DLinear,ETTh2,336,96,7,8,65184,65184,5376,10448,71328,903168,27.09504,8.047226879999998,1,1,1
DLinear,ETTh2,720,96,7,8,139680,139680,10752,18512,145824,1935360,58.0608,17.2440576,0,1,1
DLinear,ETTm1,96,96,7,8,18624,18624,2016,5408,24768,258048,7.74144,2.2992076799999994,1,1,1
DLinear,ETTm1,192,96,7,8,37248,37248,3360,7424,43392,516096,15.48288,4.598415359999999,1,1,1
DLinear,ETTm1,336,96,7,8,65184,65184,5376,10448,71328,903168,27.09504,8.047226879999998,1,1,1
DLinear,ETTm1,720,96,7,8,139680,139680,10752,18512,145824,1935360,58.0608,17.2440576,0,1,1
DLinear,ETTm2,96,96,7,8,18624,18624,2016,5408,24768,258048,7.74144,2.2992076799999994,1,1,1
DLinear,ETTm2,192,96,7,8,37248,37248,3360,7424,43392,516096,15.48288,4.598415359999999,1,1,1
DLinear,ETTm2,336,96,7,8,65184,65184,5376,10448,71328,903168,27.09504,8.047226879999998,1,1,1
DLinear,ETTm2,720,96,7,8,139680,139680,10752,18512,145824,1935360,58.0608,17.2440576,0,1,1
DLinear,Weather,96,96,21,8,18624,18624,6048,12128,24768,774144,23.22432,6.897623039999999,1,1,1
DLinear,Weather,192,96,21,8,37248,37248,10080,18176,43392,1548288,46.44864,13.795246079999998,0,1,1
DLinear,Weather,336,96,21,8,65184,65184,16128,27248,71328,2709504,81.28512,24.14168064,0,1,1
DLinear,Weather,720,96,21,8,139680,139680,32256,51440,145824,5806080,174.1824,51.732172799999994,0,0,1
DLinear,Exchange,96,96,8,8,18624,18624,2304,5888,24768,294912,8.84736,2.62766592,1,1,1
DLinear,Exchange,192,96,8,8,37248,37248,3840,8192,43392,589824,17.69472,5.25533184,1,1,1
DLinear,Exchange,336,96,8,8,65184,65184,6144,11648,71328,1032192,30.96576,9.196830719999998,1,1,1
DLinear,Exchange,720,96,8,8,139680,139680,12288,20864,145824,2211840,66.3552,19.7074944,0,1,1
DLinear,Electricity,96,96,321,8,18624,18624,92448,156128,24768,11833344,355.00032,105.43509504,0,0,0
DLinear,Electricity,192,96,321,8,37248,37248,154080,248576,43392,23666688,710.00064,210.87019008,0,0,0
DLinear,Electricity,336,96,321,8,65184,65184,246528,387248,71328,41416704,1242.50112,369.02283264,0,0,0
DLinear,Electricity,720,96,321,8,139680,139680,493056,757040,145824,88750080,2662.5024000000003,790.7632128,0,0,0
DLinear,Traffic,96,96,862,8,18624,18624,248256,415808,24768,31776768,953.30304,283.13100288,0,0,0
DLinear,Traffic,192,96,862,8,37248,37248,413760,664064,43392,63553536,1906.60608,566.26200576,0,0,0
DLinear,Traffic,336,96,862,8,65184,65184,662016,1036448,71328,111218688,3336.56064,990.95851008,0,0,0
DLinear,Traffic,720,96,862,8,139680,139680,1324032,2029472,145824,238325760,7149.7728,2123.4825216,0,0,0
PatchTST,ETTh1,96,96,7,8,548707,548707,75264,78656,554851,69452656,2083.5796800000003,618.82316496,0,0,0
PatchTST,ETTh1,192,96,7,8,696259,696259,75264,79328,702403,71519728,2145.5918399999996,637.2407764799999,0,0,0
PatchTST,ETTh1,336,96,7,8,917587,917587,75264,80336,923731,74620336,2238.61008,664.86719376,0,0,0
PatchTST,ETTh1,720,96,7,8,1507795,1507795,75264,83024,1513939,82888624,2486.65872,738.53763984,0,0,0
PatchTST,ETTh2,96,96,7,8,548707,548707,75264,78656,554851,69452656,2083.5796800000003,618.82316496,0,0,0
PatchTST,ETTh2,192,96,7,8,696259,696259,75264,79328,702403,71519728,2145.5918399999996,637.2407764799999,0,0,0
PatchTST,ETTh2,336,96,7,8,917587,917587,75264,80336,923731,74620336,2238.61008,664.86719376,0,0,0
PatchTST,ETTh2,720,96,7,8,1507795,1507795,75264,83024,1513939,82888624,2486.65872,738.53763984,0,0,0
PatchTST,ETTm1,96,96,7,8,548707,548707,75264,78656,554851,69452656,2083.5796800000003,618.82316496,0,0,0
PatchTST,ETTm1,192,96,7,8,696259,696259,75264,79328,702403,71519728,2145.5918399999996,637.2407764799999,0,0,0
PatchTST,ETTm1,336,96,7,8,917587,917587,75264,80336,923731,74620336,2238.61008,664.86719376,0,0,0
PatchTST,ETTm1,720,96,7,8,1507795,1507795,75264,83024,1513939,82888624,2486.65872,738.53763984,0,0,0
PatchTST,ETTm2,96,96,7,8,548707,548707,75264,78656,554851,69452656,2083.5796800000003,618.82316496,0,0,0
PatchTST,ETTm2,192,96,7,8,696259,696259,75264,79328,702403,71519728,2145.5918399999996,637.2407764799999,0,0,0
PatchTST,ETTm2,336,96,7,8,917587,917587,75264,80336,923731,74620336,2238.61008,664.86719376,0,0,0
PatchTST,ETTm2,720,96,7,8,1507795,1507795,75264,83024,1513939,82888624,2486.65872,738.53763984,0,0,0
PatchTST,Weather,96,96,21,8,548707,548707,225792,231872,554851,208357968,6250.73904,1856.46949488,0,0,0
PatchTST,Weather,192,96,21,8,696259,696259,225792,233888,702403,214559184,6436.77552,1911.72232944,0,0,0
PatchTST,Weather,336,96,21,8,917587,917587,225792,236912,923731,223861008,6715.83024,1994.6015812799997,0,0,0
PatchTST,Weather,720,96,21,8,1507795,1507795,225792,244976,1513939,248665872,7459.97616,2215.6129195199997,0,0,0
PatchTST,Exchange,96,96,8,8,548707,548707,86016,89600,554851,79374464,2381.23392,707.2264742399999,0,0,0
PatchTST,Exchange,192,96,8,8,696259,696259,86016,90368,702403,81736832,2452.1049599999997,728.2751731199999,0,0,0
PatchTST,Exchange,336,96,8,8,917587,917587,86016,91520,923731,85280384,2558.41152,759.84822144,0,0,0
PatchTST,Exchange,720,96,8,8,1507795,1507795,86016,94592,1513939,94729856,2841.89568,844.0430169599999,0,0,0
PatchTST,Electricity,96,96,321,8,548707,548707,3451392,3515072,554851,3184900368,95547.01104,28377.46227888,0,0,0
PatchTST,Electricity,192,96,321,8,696259,696259,3451392,3545888,702403,3279690384,98390.71152,29222.04132144,0,0,0
PatchTST,Electricity,336,96,321,8,917587,917587,3451392,3592112,923731,3421875408,102656.26224000001,30488.909885279998,0,0,0
PatchTST,Electricity,720,96,321,8,1507795,1507795,3451392,3715376,1513939,3801035472,114031.06416,33867.22605552,0,0,0
PatchTST,Traffic,96,96,862,8,548707,548707,9268224,9435776,554851,8552598496,256577.95488,76203.65259936,0,0,0
PatchTST,Traffic,192,96,862,8,696259,696259,9268224,9518528,702403,8807143648,264214.30944000004,78471.64990368001,0,0,0
PatchTST,Traffic,336,96,862,8,917587,917587,9268224,9642656,923731,9188961376,275668.84128,81873.64586016,0,0,0
PatchTST,Traffic,720,96,862,8,1507795,1507795,9268224,9973664,1513939,10207141984,306214.25951999996,90945.63507743999,0,0,0
TimeMixer,ETTh1,96,96,7,8,75497,75497,64512,67904,81641,21647640,649.4292,192.8804724,0,0,0
TimeMixer,ETTh1,192,96,7,8,93161,93161,64512,68576,99305,25605720,768.1715999999999,228.14696519999995,0,0,0
TimeMixer,ETTh1,336,96,7,8,119657,119657,79968,85040,125801,31542840,946.2852,281.0467044,0,0,0
TimeMixer,ETTh1,720,96,7,8,190313,190313,171360,179120,196457,47375160,1421.2548,422.1126756,0,0,0
TimeMixer,ETTh2,96,96,7,8,75497,75497,64512,67904,81641,21647640,649.4292,192.8804724,0,0,0
TimeMixer,ETTh2,192,96,7,8,93161,93161,64512,68576,99305,25605720,768.1715999999999,228.14696519999995,0,0,0
TimeMixer,ETTh2,336,96,7,8,119657,119657,79968,85040,125801,31542840,946.2852,281.0467044,0,0,0
TimeMixer,ETTh2,720,96,7,8,190313,190313,171360,179120,196457,47375160,1421.2548,422.1126756,0,0,0
TimeMixer,ETTm1,96,96,7,8,75497,75497,64512,67904,81641,21647640,649.4292,192.8804724,0,0,0
TimeMixer,ETTm1,192,96,7,8,93161,93161,64512,68576,99305,25605720,768.1715999999999,228.14696519999995,0,0,0
TimeMixer,ETTm1,336,96,7,8,119657,119657,79968,85040,125801,31542840,946.2852,281.0467044,0,0,0
TimeMixer,ETTm1,720,96,7,8,190313,190313,171360,179120,196457,47375160,1421.2548,422.1126756,0,0,0
TimeMixer,ETTm2,96,96,7,8,75497,75497,64512,67904,81641,21647640,649.4292,192.8804724,0,0,0
TimeMixer,ETTm2,192,96,7,8,93161,93161,64512,68576,99305,25605720,768.1715999999999,228.14696519999995,0,0,0
TimeMixer,ETTm2,336,96,7,8,119657,119657,79968,85040,125801,31542840,946.2852,281.0467044,0,0,0
TimeMixer,ETTm2,720,96,7,8,190313,190313,171360,179120,196457,47375160,1421.2548,422.1126756,0,0,0
TimeMixer,Weather,96,96,21,8,75609,75609,193536,199616,81753,64905288,1947.15864,578.30611608,0,0,0
TimeMixer,Weather,192,96,21,8,93273,93273,193536,201632,99417,76779528,2303.38584,684.1055944799998,0,0,0
TimeMixer,Weather,336,96,21,8,119769,119769,239904,251024,125913,94590888,2837.72664,842.80481208,0,0,0
TimeMixer,Weather,720,96,21,8,190425,190425,514080,533264,196569,142087848,4262.63544,1266.0027256800001,0,0,0
TimeMixer,Exchange,96,96,8,8,75505,75505,73728,77312,81649,24737472,742.1241600000001,220.41087552,0,0,0
TimeMixer,Exchange,192,96,8,8,93169,93169,73728,78080,99313,29260992,877.82976,260.71543871999995,0,0,0
TimeMixer,Exchange,336,96,8,8,119665,119665,91392,96896,125809,36046272,1081.38816,321.17228352,0,0,0
TimeMixer,Exchange,720,96,8,8,190321,190321,195840,204416,196465,54140352,1624.21056,482.39053632,0,0,0
TimeMixer,Electricity,96,96,321,8,78009,78009,2958336,3022016,84153,991854888,29755.64664,8837.427052079998,0,0,0
TimeMixer,Electricity,192,96,321,8,95673,95673,2958336,3052832,101817,1173361128,35200.83384,10454.64765048,0,0,0
TimeMixer,Electricity,336,96,321,8,122169,122169,3667104,3807824,128313,1445620488,43368.61464,12880.47854808,0,0,0
TimeMixer,Electricity,720,96,321,8,192825,192825,7858080,8122064,198969,2171645448,65149.36344,19349.36094168,0,0,0
TimeMixer,Traffic,96,96,862,8,82337,82337,7944192,8111744,88481,2663454000,79903.62000000001,23731.37514,0,0,0
TimeMixer,Traffic,192,96,862,8,100001,100001,7944192,8194496,106145,3150863280,94525.8984,28074.1918248,0,0,0
TimeMixer,Traffic,336,96,862,8,126497,126497,9847488,10221920,132641,3881977200,116459.316,34588.416852,0,0,0
TimeMixer,Traffic,720,96,862,8,197153,197153,21101760,21807200,203297,5831614320,174948.4296,51959.683591199995,0,0,0
TQNet,ETTh1,96,96,7,8,95240,95240,3584,6976,101384,808192,24.24576,7.20099072,1,1,1
TQNet,ETTh1,192,96,7,8,107624,107624,4032,8096,113768,980224,29.40672,8.733795839999999,1,1,1
TQNet,ETTh1,336,96,7,8,126200,126200,5040,10112,132344,1238272,37.14816,11.03300352,1,1,1
TQNet,ETTh1,720,96,7,8,175736,175736,7728,15488,181880,1926400,57.792,17.164223999999997,1,1,1
TQNet,ETTh2,96,96,7,8,95240,95240,3584,6976,101384,808192,24.24576,7.20099072,1,1,1
TQNet,ETTh2,192,96,7,8,107624,107624,4032,8096,113768,980224,29.40672,8.733795839999999,1,1,1
TQNet,ETTh2,336,96,7,8,126200,126200,5040,10112,132344,1238272,37.14816,11.03300352,1,1,1
TQNet,ETTh2,720,96,7,8,175736,175736,7728,15488,181880,1926400,57.792,17.164223999999997,1,1,1
TQNet,ETTm1,96,96,7,8,95240,95240,3584,6976,101384,808192,24.24576,7.20099072,1,1,1
TQNet,ETTm1,192,96,7,8,107624,107624,4032,8096,113768,980224,29.40672,8.733795839999999,1,1,1
TQNet,ETTm1,336,96,7,8,126200,126200,5040,10112,132344,1238272,37.14816,11.03300352,1,1,1
TQNet,ETTm1,720,96,7,8,175736,175736,7728,15488,181880,1926400,57.792,17.164223999999997,1,1,1
TQNet,ETTm2,96,96,7,8,95240,95240,3584,6976,101384,808192,24.24576,7.20099072,1,1,1
TQNet,ETTm2,192,96,7,8,107624,107624,4032,8096,113768,980224,29.40672,8.733795839999999,1,1,1
TQNet,ETTm2,336,96,7,8,126200,126200,5040,10112,132344,1238272,37.14816,11.03300352,1,1,1
TQNet,ETTm2,720,96,7,8,175736,175736,7728,15488,181880,1926400,57.792,17.164223999999997,1,1,1
TQNet,Weather,96,96,21,8,95576,95576,10752,16832,101720,2424576,72.73728,21.60297216,0,1,1
TQNet,Weather,192,96,21,8,107960,107960,12096,20192,114104,2940672,88.22016,26.20138752,0,1,1
TQNet,Weather,336,96,21,8,126536,126536,15120,26240,132680,3714816,111.44448,33.099010559999996,0,1,1
TQNet,Weather,720,96,21,8,176072,176072,23184,42368,182216,5779200,173.376,51.492672,0,0,1
TQNet,Exchange,96,96,8,8,95264,95264,4096,7680,101408,923648,27.709439999999997,8.229703679999998,1,1,1
TQNet,Exchange,192,96,8,8,107648,107648,4608,8960,113792,1120256,33.60768,9.98148096,1,1,1
TQNet,Exchange,336,96,8,8,126224,126224,5760,11264,132368,1415168,42.45504,12.609146879999999,1,1,1
TQNet,Exchange,720,96,8,8,175760,175760,8832,17408,181904,2201600,66.048,19.616256,0,1,1
TQNet,Electricity,96,96,321,8,102776,102776,164352,228032,108920,37061376,1111.8412799999999,330.21686015999995,0,0,0
TQNet,Electricity,192,96,321,8,115160,115160,184896,279392,121304,44950272,1348.5081599999999,400.50692351999993,0,0,0
TQNet,Electricity,336,96,321,8,133736,133736,231120,371840,139880,56783616,1703.50848,505.94201856,0,0,0
TQNet,Electricity,720,96,321,8,183272,183272,354384,618368,189416,88339200,2650.176,787.102272,0,0,0
TQNet,Traffic,96,96,862,8,115760,115760,441344,608896,121904,99523072,2985.69216,886.75057152,0,0,0
TQNet,Traffic,192,96,862,8,128144,128144,496512,746816,134288,120707584,3621.2275200000004,1075.50457344,0,0,0
TQNet,Traffic,336,96,862,8,146720,146720,620640,995072,152864,152484352,4574.53056,1358.63557632,0,0,0
TQNet,Traffic,720,96,862,8,196256,196256,951648,1657088,202400,237222400,7116.6720000000005,2113.6515839999997,0,0,0
LMS_AutoTSF,ETTh1,96,96,7,8,181318,181318,25920,29312,187462,3699680,110.99040000000001,32.964148800000004,0,1,1
LMS_AutoTSF,ETTh1,192,96,7,8,327334,327334,25920,29984,333478,5733152,171.99455999999998,51.082384319999996,0,0,0
LMS_AutoTSF,ETTh1,336,96,7,8,684598,684598,25920,30992,690742,10718720,321.5616,95.50379519999998,0,0,0
LMS_AutoTSF,ETTh1,720,96,7,8,2448310,2448310,25920,33680,2454454,35367680,1061.0303999999999,315.1260288,0,0,0
LMS_AutoTSF,ETTh2,96,96,7,8,181318,181318,25920,29312,187462,3699680,110.99040000000001,32.964148800000004,0,1,1
LMS_AutoTSF,ETTh2,192,96,7,8,327334,327334,25920,29984,333478,5733152,171.99455999999998,51.082384319999996,0,0,0
LMS_AutoTSF,ETTh2,336,96,7,8,684598,684598,25920,30992,690742,10718720,321.5616,95.50379519999998,0,0,0
LMS_AutoTSF,ETTh2,720,96,7,8,2448310,2448310,25920,33680,2454454,35367680,1061.0303999999999,315.1260288,0,0,0
LMS_AutoTSF,ETTm1,96,96,7,8,181318,181318,25920,29312,187462,3699680,110.99040000000001,32.964148800000004,0,1,1
LMS_AutoTSF,ETTm1,192,96,7,8,327334,327334,25920,29984,333478,5733152,171.99455999999998,51.082384319999996,0,0,0
LMS_AutoTSF,ETTm1,336,96,7,8,684598,684598,25920,30992,690742,10718720,321.5616,95.50379519999998,0,0,0
LMS_AutoTSF,ETTm1,720,96,7,8,2448310,2448310,25920,33680,2454454,35367680,1061.0303999999999,315.1260288,0,0,0
LMS_AutoTSF,ETTm2,96,96,7,8,181318,181318,25920,29312,187462,3699680,110.99040000000001,32.964148800000004,0,1,1
LMS_AutoTSF,ETTm2,192,96,7,8,327334,327334,25920,29984,333478,5733152,171.99455999999998,51.082384319999996,0,0,0
LMS_AutoTSF,ETTm2,336,96,7,8,684598,684598,25920,30992,690742,10718720,321.5616,95.50379519999998,0,0,0
LMS_AutoTSF,ETTm2,720,96,7,8,2448310,2448310,25920,33680,2454454,35367680,1061.0303999999999,315.1260288,0,0,0
LMS_AutoTSF,Weather,96,96,21,8,210242,210242,28608,34688,216386,10914720,327.4416,97.2501552,0,0,1
LMS_AutoTSF,Weather,192,96,21,8,356258,356258,28608,36704,362402,17015136,510.45408000000003,151.60486176,0,0,0
LMS_AutoTSF,Weather,336,96,21,8,713522,713522,28608,39728,719666,31971840,959.1552,284.8690944,0,0,0
LMS_AutoTSF,Weather,720,96,21,8,2477234,2477234,45612,64796,2483378,105918720,3177.5616,943.7357952000001,0,0,0
LMS_AutoTSF,Exchange,96,96,8,8,183384,183384,26112,29696,189528,4215040,126.45120000000001,37.5560064,0,1,1
LMS_AutoTSF,Exchange,192,96,8,8,329400,329400,26112,30464,335544,6539008,196.17024,58.26256127999999,0,0,0
LMS_AutoTSF,Exchange,336,96,8,8,686664,686664,26112,31616,692808,12236800,367.104,109.02988799999999,0,0,0
LMS_AutoTSF,Exchange,720,96,8,8,2450376,2450376,26112,34688,2456520,40407040,1212.2112,360.0267264,0,0,0
LMS_AutoTSF,Electricity,96,96,321,8,830042,830042,143808,207488,836186,165522720,4965.6816,1474.8074352,0,0,0
LMS_AutoTSF,Electricity,192,96,321,8,976058,976058,188748,283244,982202,258771936,7763.15808,2305.65794976,0,0,0
LMS_AutoTSF,Electricity,336,96,321,8,1333322,1333322,327420,468140,1339466,487395840,14621.8752,4342.6969344,0,0,0
LMS_AutoTSF,Electricity,720,96,321,8,3097034,3097034,697212,961196,3103178,1617726720,48531.8016,14413.9450752,0,0,0
LMS_AutoTSF,Traffic,96,96,862,8,1947748,1947748,386176,553728,1953892,444332480,13329.9744,3959.0023967999996,0,0,0
LMS_AutoTSF,Traffic,192,96,862,8,2093764,2093764,506856,757160,2099908,694740032,20842.20096,6190.133685119999,0,0,0
LMS_AutoTSF,Traffic,336,96,862,8,2451028,2451028,879240,1253672,2457172,1308677120,39260.3136,11660.313139200001,0,0,0
LMS_AutoTSF,Traffic,720,96,862,8,4214740,4214740,1872264,2577704,4220884,4344020480,130320.6144,38705.2224768,0,0,0
TimesNet,ETTh1,96,96,7,8,605479,605479,24576,27968,611623,1944576,58.33728,17.32617216,0,0,0
TimesNet,ETTh1,192,96,7,8,614791,614791,39424,43488,620935,2907136,87.21408,25.902581759999997,0,0,0
TimesNet,ETTh1,336,96,7,8,628759,628759,57600,62672,634903,4313856,129.41568,38.436456959999994,0,0,0
TimesNet,ETTh1,720,96,7,8,666007,666007,107520,115280,672151,8062976,241.88928,71.84111616,0,0,0
TimesNet,ETTh2,96,96,7,8,605479,605479,25600,28992,611623,1951616,58.54848,17.388898559999998,0,0,0
TimesNet,ETTh2,192,96,7,8,614791,614791,37120,41184,620935,2882816,86.48448,25.68589056,0,0,0
TimesNet,ETTh2,336,96,7,8,628759,628759,56576,61648,634903,4313856,129.41568,38.436456959999994,0,0,0
TimesNet,ETTh2,720,96,7,8,666007,666007,107136,114896,672151,8055936,241.67808,71.77838976,0,0,0
TimesNet,ETTm1,96,96,7,8,605479,605479,24576,27968,611623,1944576,58.33728,17.32617216,0,0,0
TimesNet,ETTm1,192,96,7,8,614791,614791,43776,47840,620935,2926336,87.79008,26.07365376,0,0,0
TimesNet,ETTm1,336,96,7,8,628759,628759,55680,60752,634903,4290816,128.72448,38.23117056,0,0,0
TimesNet,ETTm1,720,96,7,8,666007,666007,104448,112208,672151,8034816,241.04448,71.59021055999999,0,0,0
TimesNet,ETTm2,96,96,7,8,605479,605479,25088,28480,611623,1955456,58.66368,17.42311296,0,0,0
TimesNet,ETTm2,192,96,7,8,614791,614791,37120,41184,620935,2882816,86.48448,25.68589056,0,0,0
TimesNet,ETTm2,336,96,7,8,628759,628759,59136,64208,634903,4347136,130.41407999999998,38.732981759999994,0,0,0
TimesNet,ETTm2,720,96,7,8,666007,666007,104960,112720,672151,8039936,241.19808,71.63582976000001,0,0,0
TimesNet,Weather,96,96,21,8,606389,606389,27648,33728,612533,2192896,65.78688000000001,19.53870336,0,0,0
TimesNet,Weather,192,96,21,8,615701,615701,38400,46496,621845,3156224,94.68672000000001,28.121955840000002,0,0,0
TimesNet,Weather,336,96,21,8,629669,629669,57600,68720,635813,4621056,138.63168000000002,41.17360896,0,0,0
TimesNet,Weather,720,96,21,8,666917,666917,105600,124784,673061,8546688,256.40064,76.15099008,0,0,0
TimesNet,Exchange,96,96,8,8,605544,605544,27648,31232,611688,1981056,59.43168,17.651208959999998,0,0,0
TimesNet,Exchange,192,96,8,8,614856,614856,37120,41472,621000,2901248,87.03743999999999,25.85011968,0,0,0
TimesNet,Exchange,336,96,8,8,628824,628824,55680,61184,634968,4313856,129.41568,38.436456959999994,0,0,0
TimesNet,Exchange,720,96,8,8,666072,666072,107520,116096,672216,8089344,242.68032,72.07605504,0,0,0
TimesNet,Electricity,96,96,321,8,625889,625889,71392,135072,632033,6791296,203.73888000000002,60.51044736,0,0,0
TimesNet,Electricity,192,96,321,8,635201,635201,106272,200768,641345,8669184,260.07552,77.24242944,0,0,0
TimesNet,Electricity,336,96,321,8,649169,649169,159408,300128,655313,11521536,345.64608000000004,102.65688576,0,0,0
TimesNet,Electricity,720,96,321,8,686417,686417,301104,565088,692561,19138688,574.16064,170.52571008,0,0,0
TimesNet,Traffic,96,96,862,8,661054,661054,174720,342272,667198,15077376,452.32128,134.33942016,0,0,0
TimesNet,Traffic,192,96,862,8,670366,670366,262144,512448,676510,18644736,559.34208,166.12459776,0,0,0
TimesNet,Traffic,336,96,862,8,684334,684334,393120,767552,690478,23990016,719.70048,213.75104256,0,0,0
TimesNet,Traffic,720,96,862,8,721582,721582,742560,1448000,727726,38252416,1147.57248,340.82902656,0,0,0
iTransformer,ETTh1,96,96,7,8,841568,841568,7168,10560,847712,11742752,352.28256000000005,104.62792032,0,0,0
iTransformer,ETTh1,192,96,7,8,866240,866240,7168,11232,872384,12086816,362.60448,107.69353056,0,0,0
iTransformer,ETTh1,336,96,7,8,903248,903248,7728,12800,909392,12602912,378.08736,112.29194591999999,0,0,0
iTransformer,ETTh1,720,96,7,8,1001936,1001936,10416,18176,1008080,13979168,419.37503999999996,124.55438688,0,0,0
iTransformer,ETTh2,96,96,7,8,841568,841568,7168,10560,847712,11742752,352.28256000000005,104.62792032,0,0,0
iTransformer,ETTh2,192,96,7,8,866240,866240,7168,11232,872384,12086816,362.60448,107.69353056,0,0,0
iTransformer,ETTh2,336,96,7,8,903248,903248,7728,12800,909392,12602912,378.08736,112.29194591999999,0,0,0
iTransformer,ETTh2,720,96,7,8,1001936,1001936,10416,18176,1008080,13979168,419.37503999999996,124.55438688,0,0,0
iTransformer,ETTm1,96,96,7,8,841568,841568,7168,10560,847712,11742752,352.28256000000005,104.62792032,0,0,0
iTransformer,ETTm1,192,96,7,8,866240,866240,7168,11232,872384,12086816,362.60448,107.69353056,0,0,0
iTransformer,ETTm1,336,96,7,8,903248,903248,7728,12800,909392,12602912,378.08736,112.29194591999999,0,0,0
iTransformer,ETTm1,720,96,7,8,1001936,1001936,10416,18176,1008080,13979168,419.37503999999996,124.55438688,0,0,0
iTransformer,ETTm2,96,96,7,8,841568,841568,7168,10560,847712,11742752,352.28256000000005,104.62792032,0,0,0
iTransformer,ETTm2,192,96,7,8,866240,866240,7168,11232,872384,12086816,362.60448,107.69353056,0,0,0
iTransformer,ETTm2,336,96,7,8,903248,903248,7728,12800,909392,12602912,378.08736,112.29194591999999,0,0,0
iTransformer,ETTm2,720,96,7,8,1001936,1001936,10416,18176,1008080,13979168,419.37503999999996,124.55438688,0,0,0
iTransformer,Weather,96,96,21,8,841568,841568,21504,27584,847712,35237664,1057.1299199999999,313.96758624,0,0,0
iTransformer,Weather,192,96,21,8,866240,866240,21504,29600,872384,36269856,1088.09568,323.16441696,0,0,0
iTransformer,Weather,336,96,21,8,903248,903248,23184,34304,909392,37818144,1134.54432,336.95966304,0,0,0
iTransformer,Weather,720,96,21,8,1001936,1001936,31248,50432,1008080,41946912,1258.4073600000002,373.74698592,0,0,0
iTransformer,Exchange,96,96,8,8,841568,841568,8192,11776,847712,13420544,402.61632000000003,119.57704704000001,0,0,0
iTransformer,Exchange,192,96,8,8,866240,866240,8192,12544,872384,13813760,414.4128,123.08060160000001,0,0,0
iTransformer,Exchange,336,96,8,8,903248,903248,8832,14336,909392,14403584,432.10752,128.33593344,0,0,0
iTransformer,Exchange,720,96,8,8,1001936,1001936,11904,20480,1008080,15976448,479.29344000000003,142.35015168,0,0,0
iTransformer,Electricity,96,96,321,8,841568,841568,1070856,1134536,847712,541714464,16251.43392,4826.675874240001,0,0,0
iTransformer,Electricity,192,96,321,8,866240,866240,1070856,1165352,872384,557492256,16724.76768,4967.25600096,0,0,0
iTransformer,Electricity,336,96,321,8,903248,903248,1070856,1211576,909392,581158944,17434.76832,5178.12619104,0,0,0
iTransformer,Electricity,720,96,321,8,1001936,1001936,1070856,1334840,1008080,644270112,19328.10336,5740.44669792,0,0,0
iTransformer,Traffic,96,96,862,8,841568,841568,6606368,6773920,847712,1469620352,44088.61056,13094.31733632,0,0,0
iTransformer,Traffic,192,96,862,8,866240,866240,6606368,6856672,872384,1511989376,45359.68128,13471.82534016,0,0,0
iTransformer,Traffic,336,96,862,8,903248,903248,6606368,6980800,909392,1575542912,47266.28736,14038.08734592,0,0,0
iTransformer,Traffic,720,96,862,8,1001936,1001936,6606368,7311808,1008080,1745019008,52350.57024,15548.11936128,0,0,0
MDMLP_EIA,ETTh1,96,96,7,8,1671446,1671446,6048,9440,1677590,23321536,699.64608,207.79488575999997,0,0,0
MDMLP_EIA,ETTh1,192,96,7,8,1723958,1723958,6720,10784,1730102,24086272,722.58816,214.60868352,0,0,0
MDMLP_EIA,ETTh1,336,96,7,8,1802726,1802726,9408,14480,1808870,25233376,757.00128,224.82938015999997,0,0,0
MDMLP_EIA,ETTh1,720,96,7,8,2012774,2012774,20160,27920,2018918,28292320,848.7696,252.0845712,0,0,0
MDMLP_EIA,ETTh2,96,96,7,8,1671446,1671446,6048,9440,1677590,23321536,699.64608,207.79488575999997,0,0,0
MDMLP_EIA,ETTh2,192,96,7,8,1723958,1723958,6720,10784,1730102,24086272,722.58816,214.60868352,0,0,0
MDMLP_EIA,ETTh2,336,96,7,8,1802726,1802726,9408,14480,1808870,25233376,757.00128,224.82938015999997,0,0,0
MDMLP_EIA,ETTh2,720,96,7,8,2012774,2012774,20160,27920,2018918,28292320,848.7696,252.0845712,0,0,0
MDMLP_EIA,ETTm1,96,96,7,8,1671446,1671446,6048,9440,1677590,23321536,699.64608,207.79488575999997,0,0,0
MDMLP_EIA,ETTm1,192,96,7,8,1723958,1723958,6720,10784,1730102,24086272,722.58816,214.60868352,0,0,0
MDMLP_EIA,ETTm1,336,96,7,8,1802726,1802726,9408,14480,1808870,25233376,757.00128,224.82938015999997,0,0,0
MDMLP_EIA,ETTm1,720,96,7,8,2012774,2012774,20160,27920,2018918,28292320,848.7696,252.0845712,0,0,0
MDMLP_EIA,ETTm2,96,96,7,8,1671446,1671446,6048,9440,1677590,23321536,699.64608,207.79488575999997,0,0,0
MDMLP_EIA,ETTm2,192,96,7,8,1723958,1723958,6720,10784,1730102,24086272,722.58816,214.60868352,0,0,0
MDMLP_EIA,ETTm2,336,96,7,8,1802726,1802726,9408,14480,1808870,25233376,757.00128,224.82938015999997,0,0,0
MDMLP_EIA,ETTm2,720,96,7,8,2012774,2012774,20160,27920,2018918,28292320,848.7696,252.0845712,0,0,0
MDMLP_EIA,Weather,96,96,21,8,1672692,1672692,18144,24224,1678836,70133952,2104.01856,624.89351232,0,0,0
MDMLP_EIA,Weather,192,96,21,8,1725204,1725204,20160,28256,1731348,72597504,2177.92512,646.8437606399999,0,0,0
MDMLP_EIA,Weather,336,96,21,8,1803972,1803972,28224,39344,1810116,76292832,2288.78496,679.76913312,0,0,0
MDMLP_EIA,Weather,720,96,21,8,2014020,2014020,60480,79664,2020164,86147040,2584.4112,767.5701263999999,0,0,0
MDMLP_EIA,Exchange,96,96,8,8,1671496,1671496,6912,10496,1677640,26657792,799.73376,237.52092671999998,0,0,0
MDMLP_EIA,Exchange,192,96,8,8,1724008,1724008,7680,12032,1730152,27536384,826.09152,245.34918143999997,0,0,0
MDMLP_EIA,Exchange,336,96,8,8,1802776,1802776,10752,16256,1808920,28854272,865.62816,257.09156351999997,0,0,0
MDMLP_EIA,Exchange,720,96,8,8,2012824,2012824,23040,31616,2018968,32368640,971.0592,288.4045824,0,0,0
MDMLP_EIA,Electricity,96,96,321,8,7080360,7080360,1016928,1080608,7086504,4401901248,132057.03744,39220.940119679995,0,0,0
MDMLP_EIA,Electricity,192,96,321,8,7289544,7289544,1047744,1142240,7295688,4595610624,137868.31871999998,40946.89065983999,0,0,0
MDMLP_EIA,Electricity,336,96,321,8,7603320,7603320,1093968,1234688,7609464,4886174688,146585.24064,43535.81647007999,0,0,0
MDMLP_EIA,Electricity,720,96,321,8,8440056,8440056,1217232,1481216,8446200,5661012192,169830.36576000002,50439.61863072,0,0,0
MDMLP_EIA,Traffic,96,96,862,8,12494146,12494146,4054848,4222400,12500290,18110109696,543303.29088,161361.07739135998,0,0,0
MDMLP_EIA,Traffic,192,96,862,8,12807778,12807778,4137600,4387904,12813922,19078970112,572369.1033600001,169993.62369792,0,0,0
MDMLP_EIA,Traffic,336,96,862,8,13278226,13278226,4261728,4636160,13284370,20532260736,615967.8220800001,182942.44315776002,0,0,0
MDMLP_EIA,Traffic,720,96,862,8,14532754,14532754,4592736,5298176,14538898,24407702400,732231.072,217472.62838399998,0,0,0
